{
    "dataloader": {
        "type": "torch.utils.data.DataLoader",
        "params": {
            "dataset": {
                "type": "colorization.data.image_directory.ImageDirectory",
                "params": {
                    "return_labels": false,
                    "transform": {
                        "type": "torchvision.transforms.Compose",
                        "params": {
                            "transforms": [
                                {
                                   "type": "torchvision.transforms.ToPILImage"
                                },
                                {
                                    "type": "torchvision.transforms.RandomCrop",
                                    "params": {
                                        "size": 176
                                    }
                                },
                                {
                                   "type": "torchvision.transforms.RandomHorizontalFlip"
                                },
                                {
                                   "type": "colorization.data.transforms.ToNumpy"
                                },
                                {
                                   "type": "colorization.data.transforms.RGBToLab"
                                },
                                {
                                   "type": "torchvision.transforms.ToTensor"
                                }
                            ]
                        }
                    }
                }
             },
            "batch_size": 40,
            "drop_last": true,
            "shuffle": true,
            "num_workers": 4,
            "pin_memory": true
        }
    },
    "model": {
        "type": "colorization.colorization_model.ColorizationModel",
        "params": {
            "network": {
                "type": "colorization.modules.colorization_network.ColorizationNetwork",
                "params": {
                    "class_rebal_lambda": 0.5
                }
            },
            "loss": {
                "type": "colorization.modules.cross_entropy_loss_2d.CrossEntropyLoss2d"
            },
            "log_config": {
                "version": 1,
                "disable_existing_loggers": false,
                "formatters": {
                    "timestamp": {
                        "format": "%(asctime)s - %(name)s (%(levelname)s): %(message)s"
                    },
                    "no_timestamp": {
                        "format": "%(name)s (%(levelname)s): %(message)s"
                    }
                },
                "handlers": {
                    "stdout": {
                        "level": "INFO",
                        "formatter": "no_timestamp",
                        "class": "logging.StreamHandler",
                        "stream": "ext://sys.stdout"
                    },
                    "file": {
                        "level": "INFO",
                        "formatter": "timestamp",
                        "class": "logging.FileHandler",
                        "mode": "w"
                    }
                 },
                 "loggers": {
                    "training_logger": {
                        "level": "INFO",
                        "handlers": ["stdout", "file"]
                    }
                 }
            },
            "logger": "training_logger"
        }
    }
}
